variant,concurrency,threads,lat_avg_ms,lat_stdev_ms,lat_max_ms,lat_pm_stdev_pct,reqps_thread_avg,reqps_thread_stdev,reqps_thread_max,reqps_thread_pm_stdev_pct,requests_per_sec
baseline,1,1,0.575570,0.099840,5.130,97.02,1380.000000,40.31,1550.000000,86.27,1368.66
baseline,2,1,0.512540,0.058960,0.778000,68.32,3140.000000,167.10,3390.000000,60.78,3121.87
baseline,3,1,0.520950,0.069090,0.860,70.22,4650.000000,219.09,5150.000000,66.00,4630.25
baseline,4,1,0.551350,0.082610,0.940,69.53,5790.000000,222.33,6510.000000,66.67,5757.22
baseline,5,1,0.626490,0.087800,1.520,67.98,6280.000000,237.06,7270.000000,78.00,6239.31
baseline,6,1,0.702480,0.100570,1.300,67.93,6720.000000,393.57,8130.000000,74.00,6687.19
baseline,7,1,0.762530,0.106680,1.270,68.56,7130.000000,164.74,7440.000000,82.35,7090.41
baseline,8,1,0.846210,0.117800,1.320,68.87,7310.000000,198.42,7690.000000,74.00,7274.40
baseline,9,2,0.699710,0.149250,1.290,66.80,4670.000000,327.12,5580.000000,72.55,9291.84
baseline,10,2,0.792690,0.174030,1.360,66.86,5200.000000,482.33,6780.000000,80.20,10246.14
baseline,11,2,0.810940,0.175740,1.500,66.62,5060.000000,422.25,6280.000000,78.22,9963.52
baseline,12,2,0.880,0.201710,1.620,67.57,5560.000000,501.08,7180.000000,76.24,10971.12
baseline,13,2,0.900,0.195270,1.810,68.77,5480.000000,396.68,6860.000000,78.43,10896.93
baseline,14,2,1.000,0.213350,1.820,71.21,5780.000000,351.73,7050.000000,77.45,11505.95
baseline,15,2,0.970,0.225660,1.820,68.95,5890.000000,534.91,7620.000000,80.20,11593.34
baseline,16,2,1.060,0.256330,2.140,68.86,6190.000000,526.87,7780.000000,74.26,12206.45
baseline,17,3,1.000,0.226320,2.020,70.30,4290.000000,285.74,6080.000000,73.51,12630.68
baseline,18,3,1.150,0.258860,2.210,71.16,4530.000000,285.56,6920.000000,84.11,13364.52
baseline,19,3,1.160,0.252240,4.460,71.75,4490.000000,203.21,5480.000000,74.67,13402.34
baseline,20,3,1.160,0.253750,2.280,71.07,4450.000000,246.21,5090.000000,70.00,13280.52
baseline,21,3,1.310,0.277850,2.790,70.85,4680.000000,201.66,5360.000000,66.67,13971.24
baseline,22,3,1.320,0.282460,3.800,71.37,4640.000000,224.06,5260.000000,70.67,13845.39
baseline,23,3,1.310,0.287690,2.400,70.78,4640.000000,259.54,5260.000000,70.00,13843.56
baseline,24,3,1.460,0.319810,3.180,70.57,4810.000000,267.94,5890.000000,76.00,14346.82
baseline,25,4,1.460,0.314520,3.710,70.41,3670.000000,256.28,6660.000000,90.55,14399.41
baseline,26,4,1.460,0.314800,2.940,70.20,3660.000000,246.21,6430.000000,87.56,14365.04
baseline,27,4,1.440,0.316090,2.830,69.59,3700.000000,186.14,4340.000000,72.00,14708.43
baseline,28,4,1.590,0.365380,3.250,68.48,3950.000000,263.79,6020.000000,82.18,15567.08
baseline,29,4,1.590,0.358900,3.270,68.48,3940.000000,262.20,5840.000000,78.22,15547.47
baseline,30,4,1.580,0.376330,3.480,69.07,3900.000000,324.40,6680.000000,82.59,15299.04
baseline,31,4,1.580,0.365190,3.200,69.30,3920.000000,234.44,4460.000000,68.50,15576.04
baseline,32,4,1.740,0.448260,3.910,68.13,4050.000000,291.55,4610.000000,67.50,16103.45
baseline,33,5,1.650,0.422940,3.370,68.50,3190.000000,313.39,5760.000000,83.73,15668.34
baseline,34,5,1.660,0.414620,3.610,68.24,3190.000000,310.87,6410.000000,83.27,15622.89
baseline,35,5,1.290,0.486340,3.560,65.60,4640.000000,707.03,6470.000000,65.74,22720.93
baseline,36,5,1.960,0.660560,6.410,68.40,2870.000000,392.72,3790.000000,66.00,14275.40
baseline,37,5,1.310,0.511120,3.610,64.84,4580.000000,768.10,6260.000000,61.81,22676.32
baseline,38,5,1.350,0.541670,4.240,65.17,4350.000000,900.000000,5980.000000,57.37,21304.13
baseline,39,5,1.670,0.599000,5.640,66.02,3610.000000,720.36,5680.000000,72.40,17950.58
baseline,40,5,1.670,0.657800,4.750,61.86,4100.000000,930.000000,6470.000000,69.60,20373.56
baseline,41,6,1.440,0.580350,4.860,63.27,3510.000000,696.39,5340.000000,63.70,20748.75
baseline,42,6,1.370,0.592580,4.700,68.65,4220.000000,850.000000,6410.000000,67.44,24804.21
baseline,43,6,1.700,0.707910,6.360,64.48,3420.000000,722.78,5210.000000,63.33,20428.83
baseline,44,6,1.250,0.548800,4.770,71.79,4740.000000,940.000000,7040.000000,68.54,27960.36
baseline,45,6,1.230,0.558530,5.190,72.39,4740.000000,1000.000000,9240.000000,67.66,28000.17
baseline,46,6,1.240,0.548550,4.670,71.50,4800.000000,940.000000,8070.000000,72.94,28357.66
baseline,47,6,2.150,0.783110,6.740,66.06,2610.000000,507.01,4680.000000,76.33,15581.21
baseline,48,6,1.470,0.632510,5.340,69.03,4580.000000,828.62,6410.000000,63.70,27102.24
baseline,49,7,1.500,0.664270,5.370,69.38,3920.000000,799.99,7410.000000,66.38,26831.82
baseline,50,7,1.400,0.601020,5.770,70.30,4290.000000,776.13,6400.000000,73.52,29702.45
baseline,51,7,1.850,0.806170,5.830,64.29,3130.000000,761.95,7390.000000,60.97,21451.65
baseline,52,7,1.400,0.598470,5.300,70.08,4310.000000,794.49,7450.000000,77.75,29867.52
baseline,53,7,1.420,0.589630,5.320,69.82,4300.000000,755.94,7030.000000,76.34,29820.07
baseline,54,7,1.430,0.594490,5.040,69.88,4270.000000,732.85,5790.000000,77.25,29669.23
baseline,55,7,1.410,0.599080,5.030,70.13,4330.000000,832.99,7900.000000,75.14,29900.39
baseline,56,7,1.590,0.641930,6.090,68.33,4460.000000,774.83,8070.000000,80.79,30791.83
baseline,57,8,1.610,0.650570,5.930,68.19,3880.000000,679.87,7670.000000,83.91,30585.95
baseline,58,8,1.620,0.646940,5.570,67.39,3860.000000,616.61,5530.000000,80.05,30584.31
baseline,59,8,1.600,0.643150,5.930,68.60,3890.000000,648.21,7260.000000,81.48,30719.55
baseline,60,8,1.590,0.640110,6.110,68.52,3930.000000,675.94,7540.000000,81.44,30958.19
baseline,61,8,1.600,0.660280,6.210,68.58,3880.000000,717.34,9870.000000,83.08,30420.53
baseline,62,8,1.610,0.659520,5.740,68.69,3870.000000,687.70,6780.000000,80.45,30496.64
baseline,63,8,1.590,0.641180,5.710,68.21,3890.000000,622.37,5900.000000,80.05,30804.52
baseline,64,8,1.800,0.708140,6.680,66.79,3970.000000,623.51,6250.000000,80.49,31381.97
